Great UX-UI Designer,En remoto,04-03-10
UI Artist,Madrid,18-07-10
UI-UX Designer,Madrid,30-08-10
MARCA.com: Designer-Coder UI-UX,Madrid,06-05-11
MARCA.com: Designer-Coder UI-UX,Madrid,12-05-11
Fantastic UI Designer,Madrid,02-06-11
Graphic-UI-UX Designer,Altea,01-06-11
UI Artist,Madrid,08-06-11
JUNIOR UI designer-front end developer,Berlín,22-07-11
JUNIOR UI designer-front end developer,Barcelona,28-07-11
Diseñador UX-UI y maquetación,Madrid,19-08-11
UX UI diseño y maquetación,Madrid,24-08-11
Internship UI designer-front end developer,Barcelona,04-10-11
Web designer UX Designer UI Designer User Experience archi...,Barcelona,18-10-11
Diseñadores UI-UX,Madrid,06-12-11
UI Visual Designer Web-Mobile,Barcelona,28-12-11
Ux-UI Designer,Barcelona,05-01-12
UI-UX designer for mobile &amp; web,San Pedro,09-01-12
UI-UX and-or Design Engineer,Westfield,07-01-12
UI &amp; UX mobile designer (beca),Ciudad Juárez,20-02-12
Web UX UI designer,Vigo,10-05-12
Web-UX-UI DESIGNER,Barcelona,28-05-12
UX-UI Designer,Barcelona,04-06-12
WEB &amp; MOBILE UI DEVELOPER,Barcelona,02-07-12
HTML5-JavaScript UI Developer,Barcelona,06-07-12
UI Designer Frontend Developer,Valencia,30-08-12
Programador UI y Javascript,Málaga,25-10-12
UI- UX Designer,Barcelona,05-12-12
Diseñador UI,Valencia,01-12-12
UI UX Designer mobile,Madrid,03-01-13
Programación UI para una máquina de vending,Barcelona,10-01-13
Lead UX-UI Developer at Oonair.com,Barcelona,23-01-13
UI Developer,Barcelona,18-02-13
Maquetador UI UX Developer,Madrid,08-03-13
Diseñador web con conocimientos UI UX..,Valencia,17-04-13
Diseñador de Interfaces [UI Designer],Gijón,12-04-13
UI Graphical &amp; Interaction Designer,Barcelona,08-05-13
Diseñador UI-UX Mobile,Madrid,09-07-13
Responsable de UX-UI para ticketea.com,Madrid,23-07-13
Diseñador UX-UI,indiferente,11-08-13
Senior Front-End Developer UI Designer,Madrid,23-09-13
UI Designer,Bucarest,01-10-13
UI UX Architect,Barcelona,23-10-13
UX UI Designer,Madrid,05-11-13
Diseñador web (UX-UI),Madrid,04-11-13
Diseñador Web UX UI,Alcobendas,06-11-13
Web Designer UI Designer,Madrid,09-12-13
UX-UI Manager,Barcelona,09-12-13
Diseñador Mobile UX-UI,Madrid,03-02-14
Senior UI-UX Designer,Madrid,05-03-14
Front-end developer (UI UX Mobile),Bilbo,05-03-14
Diseñador UI Senior,Barcelona,11-04-14
Front-end developer UI designer,Las Rozas,22-04-14
Diseñador UI-UX Apps,Murcia,25-04-14
Diseñador UI-UX,Madrid,27-05-14
UX-UI Frontender,Barcelona,27-05-14
UX-UI Designer (M-F),Lisboa,01-07-14
UI-UX Designer,Madrid,16-07-14
UX UI designer,Barcelona,07-08-14
Diseñador gráfico-UI-UX,Leganés,07-08-14
Diseñador visual UI-UX,Madrid,16-09-14
UI-UX Senior Designer,Madrid,03-10-14
Senior Mobile Designer & UX-UI Web,Madrid,21-10-14
Diseñador-a Gráfico UI-UX,Elda,16-10-14
Diseñador UI Senior (zona Valencia),Valencia,04-11-14
UI-UX Designer,Madrid,31-10-14
Diseñador UX-UI junior,Madrid,26-11-14
UX UI Designer,Barcelona,25-11-14
Senior UI Artist,Barcelona,24-11-14
UX-UI Junior Web Designer,Barcelona,07-01-15
Diseñador UI-UX y programador Frontend,Barcelona,13-01-15
Web Designer (UX-UI),Barcelona,12-02-15
Front-end developer (UX-UI),Barcelona,12-02-15
Senior UX-UI Designers,Madrid,09-02-15
UX-UI Backend Designer,Barcelona,15-02-15
UI-UX Designer Freelance or Part-Time,Valencia,27-02-15
UX-UI Desing Manager- Oberta Publishing,Barcelona,26-02-15
UI-UX Designer,Barcelona,04-03-15
UI-UX Designer,Murcia,17-03-15
UI-UX Designer,Madrid,16-03-15
Diseñador UI-UX y maquetador web en HTML5-CSS3,Las Palmas de Gran Canaria,10-04-15
Senior Developer HTML5-SVG-CSS3 UI Designer,Málaga,13-04-15
Diseñador UI-UX y maquetador web en HTML5-CSS3,Alcoy,13-04-15
Diseñador maquetador web UI-UX,Sevilla,17-04-15
Diseñador Visual UI-UX,Madrid,22-04-15
Experienced UI Artist (within gaming),Barcelona,07-05-15
Diseñador-a JUNIOR-SENIOR (gráfico UI-UX),Gijón,07-05-15
Diseñador programador UX UI,Rafelbuñol,13-05-15
Diseñador UX- UI Designer,Madrid,12-05-15
Diseñador de aplicaciones móviles (iOS Android) UI UX,Madrid,18-05-15
UI-UX Designer,Barcelona,22-05-15
Diseñador UI-UX,Barcelona,29-05-15
Diseñador UX-UI,Madrid,10-06-15
UX & UI Designer at Medtep,Barcelona,11-06-15
(UK) Consultor CX-UX-UI Designer,Madrid,06-07-15
Diseño de experiencia de usuario e interfaz UX UI,Madrid,15-07-15
Diseñador Gráfico con experiencia en UI-UX,Barcelona,17-07-15
Diseñador UI-UX Junior,Barcelona,03-08-15
Junior UI Designer,Madrid,14-08-15
Senior UI Developer,Málaga,24-08-15
UX-UI designer (mobile),Indiferente,07-09-15
UI-UX Designer for mobile and desktop apps,Barcelona,03-09-15
Diseñador UI Senior,Madrid,10-09-15
UI-UX Designer- WPF engineers,Algete,09-09-15
Diseñador UI,Valencia,30-09-15
UI-UX Designer for pixel perfect websites and mobile applicat...,Barcelona,29-09-15
Diseñador UI UX,Madrid,07-10-15
Diseñador UI-UX para soluciones web desktop y mobile,Valencia,15-10-15
Diseñador UX-UI mobile&web,Barcelona,21-10-15
Diseñador web Senior UX-UI,Palma,28-10-15
Diseñador Ui freelance presencial,Gibraltar,28-10-15
Diseño UI UX para Web y Apps,Ávila,27-10-15
Diseñador Visual senior UX-UI,Madrid,27-10-15
UI-UX designer,Zúrich,03-11-15
UX-UI Designer,Barcelona,23-11-15
Diseño-desarrollo UX-UI WEB y móvil (APPs),Barcelona,20-11-15
Mobile UI UX Designer,Madrid,26-11-15
Diseñador web HTML5 CSS3 con UI-UX,Madrid,26-11-15
Diseñador UI-UX freelance,Madrid,03-12-15
Senior UX-UI Designer,Madrid,03-12-15
UX-UI and motion designer,Nom Pen,30-11-15
Diseñador UI Senior,Madrid,14-12-15
Diseñador Senior (UI-UX),Ciudad de México,21-12-15
Diseñador web UX-UI,Pozuelo de Alarcón,16-12-15
UX-UI Mobile Designer,Barcelona,23-12-15
Diseñador UX-UI,Madrid,21-12-15
Intern UI-UX Designer,Barcelona,18-01-16
Diseñador-a UX UI,Madrid,21-01-16
UX-UI Mobile Designer,Barcelona,19-01-16
Diseñador Móvil UX-UI,Barcelona,27-01-16
UX-UI Designer,Barcelona,08-02-16
Diseñador UX-UI junior,Madrid,08-02-16
Diseñador UX-UI freelance,Barcelona,15-02-16
UX-UI Designer,Barcelona,12-02-16
Diseñador UI Senior,Madrid,18-02-16
UX-UI Mobile Designer,Barcelona,25-02-16
UI Developer,Madrid,24-02-16
UI Designer,Madrid,02-03-16
Web UI Designer & Developer,Barcelona,26-02-16
UI & UX App Designer,Madrid,03-03-16
UI Front-End Developer,Barcelona,07-03-16
Diseñador UI UX y Maquetador Web,Zaragoza,10-03-16
UX-UI Designer & Developer,Madrid,15-03-16
Profesor UX-UI,Madrid,14-03-16
Diseñador-a de UX-UI,Madrid,18-03-16
Designer UX-UI,Barcelona,17-03-16
UX-UI DesignerCSS,Barcelona,22-03-16
Diseñador digital UI-UX,Barcelona,28-03-16
Diseñador Visual UI-UX Senior,Madrid,07-04-16
Diseñadores UX-UI Freelance,En remoto,12-04-16
UI-UX Designer,Madrid,15-04-16
UX-UI Mobile designer,Barcelona,13-04-16
Diseñador UX-UI,Barcelona,15-04-16
UI-UX Designer  Creativo,Madrid,25-04-16
UX-UI Expert,Madrid,09-05-16
UI-UX Designer,Madrid,06-05-16
Experto-Diseñador UX-UI,Madrid,13-05-16
UI-UX Designer,Barcelona,12-05-16
Senior UI-UX Designer,Madrid,10-05-16
Junior UI UX Designer,Barcelona,23-05-16
Senior UI Designer,Barcelona,23-05-16
Senior UI-UX Designer,Barcelona,19-05-16
Senior UI-UX Designer,Mgarr,19-05-16
UX-UI DesignerCSS,Barcelona,19-05-16
UX-UI Designer,Martorell,07-06-16
Diseñador web UI UX,Bilbo,09-06-16
Diseñador UX-UI,Barcelona,23-06-16
UI-UX Designer,Finestrat,22-06-16
UX-UI Designer,Barcelona,05-07-16
Diseñador UX-UI Junior,Madrid,15-07-16
Diseñador UX-UI Senior,Madrid,15-07-16
UI Designer,Barcelona,26-07-16
UX-UI Mobile Designer,Sevilla,01-08-16
UI Designer,Barcelona,28-07-16
Diseñador-a senior UI-UIX,Barcelona,12-08-16
Designer (UX-UI FrontEnd),Barcelona,18-08-16
UI Designer Intern,Barcelona,22-08-16
UX-UI and Graphic Designer,Madrid,01-09-16
Diseñador UI-UX,Madrid,06-09-16
UX-UI designer,Barcelona,07-09-16
UI-UX Designer Digital,Madrid,07-09-16
Responsable de Arte y Maquetador Web UI-UX,Madrid,15-09-16
Diseñador-Maquetador Web UI-UX,Madrid,15-09-16
Junior UI-UX Designer,Barcelona,22-09-16
Diseñador gráfico Diseñador web UI UX,Madrid,14-10-16
Diseñador UI-UX de aplicaciones móviles,Madrid,02-11-16
UX-UI Designer,Sant Cugat del Vallès,28-10-16
UX-UI Designer,Madrid,14-11-16
Responsable de Arte y Maquetador Web UI-UX,Madrid,17-11-16
Web & UX UI Designer,Madrid,22-11-16
Diseñador-a UX-UI Mobile,Barcelona,02-12-16
Art Director & UX UI Designer,Barcelona,12-12-16
UX-UI Designer Junior,Madrid,06-12-16
Diseñador UX UI,Pozuelo de Alarcón,16-12-16
Diseñador Senior UX UI,Pozuelo de Alarcón,21-12-16
UI-UX Designer (Fulltime),Barcelona,18-01-17
Diseñador Visual-UI,Madrid,18-01-17
UI Designer,Barcelona,24-01-17
UX-UI Designer CSS,Barcelona,24-01-17
Diseñador UX-UI para app freelance,Barcelona,20-01-17
UI Designer Junior,Palma de Mallorca,19-01-17
Diseñador-a UX-UI Senior,Bilbao,24-01-17
UX-UI Designer (Temporary role),Barcelona,01-02-17
UI-UX Designer,En remoto,07-02-17
UI Graphical & Interaction Designer,Barcelona,07-02-17
UX UI Designer,Pozuelo de Alarcón,09-02-17
UI-UX web designer,En remoto,14-02-17
Diseñador Web – UI & UX Design- Frontend Developer,Zaragoza,16-02-17
UI Designer Junior Prácticas,Palma de Mallorca,16-02-17
UX-UI Lead,Madrid,16-02-17
Senior UX-UI Designer,Barcelona,24-02-17
Diseñador UX UI,Madrid,06-03-17
Maquetador Web-UI Developer,Madrid,02-03-17
Diseñador Senior UX-UI Senior Designer UX-UI,Pozuelo de Alarcón,10-03-17
Diseñador UX-UI mobile&web,Barcelona,09-03-17
Senior UX-UI Designer,Barcelona,09-03-17
Becario-a UX-UI Mobile App Designer Prácticas,Palau de Plegamans,16-03-17
UX-UI Lead,Madrid,22-03-17
Diseñador UX-UI,Madrid,27-03-17
Diseñador UX-UI,Madrid,19-04-17
Diseñador-a gráfico junior (UI-UX) Prácticas,Barcelona,17-04-17
UX-UI designer,Madrid,20-04-17
Junior UX-UI Designer,Barcelona,21-04-17
Beca diseñador gráfico UI-Front Prácticas,Torrelodones,26-04-17
Diseñador Senior UX-UI,Madrid,27-04-17
UI Developer (Mobile),Barcelona,08-05-17
Diseñador UX-UI,Madrid,16-05-17
UX-UI,Barcelona,19-05-17
Diseñador-a Visual Gráfico UI,Madrid,24-05-17
Diseñador UX-UI,Barcelona,30-05-17
Visual Designer UI,Valladolid,26-05-17
Diseñador UI-UX,En remoto,08-06-17
Diseñador Online Senior (UI-UX),Madrid,12-06-17
UX-UI Designer,Barcelona,15-06-17
Diseñador UX-UI,Málaga,15-06-17
Diseñador-a UX-UI,Alcobendas,13-06-17
Diseñador UI & UX,Las Rozas,21-06-17
Diseñador gráfico UI-UX,Tarrasa,26-06-17
Diseñador-a UX-UI,Alcobendas,26-06-17
UI Designer,Barcelona,27-06-17
Diseñador Especialista en UI-UX,Madrid,03-07-17
UI UX Web Designer,Alicante,04-07-17
Diseñador UX-UI,Barcelona,11-07-17
UX-UI Designer,Barcelona,07-07-17
UX-UI Brand Designer,En remoto,13-07-17
UI & UX designer,Barcelona,12-07-17
Diseñador UX-UI,Madrid,18-07-17
Diseñador-a UX-UI,Alcobendas,19-07-17
Digital Marketer Diseñador UI UX,Madrid,18-07-17
Desarrollador Front End UI,Madrid,21-07-17
UX UI Designer,Barcelona,21-07-17
UX UI design,En remoto,31-07-17
UX-UI Design & Development Specialist,Madrid,26-07-17
Diseñador-a senior UI-UX,En remoto,25-07-17
Diseñador UX-UI,Madrid,08-08-17
UI Designer Senior,Madrid,01-08-17
UI-UX Graphic Designer,Ta' Xbiex,10-08-17
Desarrollador Front End UI con EXtT.js,Madrid,09-08-17
UX-UI Graphic Designer,Madrid,22-08-17
Diseñador UI con conocimiento UX,Madrid,24-08-17
Diseñador UI Junior,Madrid,29-08-17
UI interaction animator,Barcelona,04-09-17
UI UX Designer and Technical Artist,Valencia,01-09-17
Diseñador web y de UI,Cornellà de Llobregat,31-08-17
Diseñador-a UX-UI,Madrid,06-09-17
UI & UX Designer,Sevilla,07-09-17
Diseñador UI UX,En remoto,07-09-17
Diseñador UX-UI y programador web,Madrid,14-09-17
Senior UX-UI Designer,Madrid,14-09-17
UX-UI Designer,Barcelona,20-09-17
Senior UX-UI Designer,Barcelona,05-10-17
Diseñador UX-UI (Ref: UX-57),Madrid,06-10-17
Diseñador Web UI-UX,Madrid,18-10-17
Diseño Web (UI-UX) Prácticas,Barcelona,19-10-17
Junior UI Designer Design system oriented,Barcelona,18-10-17
UX-UI Designer,Zaragoza,26-10-17
Front-End Developer Diseñador UX-UI,En remoto,24-10-17
Instructores-as de Diseño UX-UI,Madrid,30-10-17
Senior Product design UI-UX,En remoto,31-10-17
UI DEVELOPER,Madrid,31-10-17
UX-UI Designer,Barcelona,07-11-17
Diseñador UX-UI,En remoto,17-11-17
Diseñador UI,Alcorcón,22-11-17
UX-UI Designer,Barcelona,29-11-17
Diseñador UX-UI,Ate,04-12-17
Junior UX-UI Designer,Valladolid,14-12-17
UX-UI,En remoto,18-12-17
IXD-UI Designer Intern,Barcelona,15-12-17
UX-UI Designer,Barcelona,19-12-17
UX-UI Designer Front End,Tarrasa,19-12-17
UX-UI Designer,Gerona,21-12-17
Diseñador UI,Barcelona,27-12-17
UI-UX Designer,Valencia,02-01-18
Senior UI-UX Artist,Madrid,02-01-18
UI-UX Design Associate Prácticas,Barcelona,29-12-17
Diseñador UI,Madrid,03-01-18
UX-UI designer,En remoto,03-01-18
Diseñador UI-UX,Barcelona,09-01-18
Senior UI Designer,Madrid,04-01-18
Diseñador UX-UI,Madrid,14-01-18
Product Designer (UI-UX),Barcelona,14-01-18
UI UX Designer,Barcelona,16-01-18
Junior UX-UI Designer,Sant Cugat del Vallès,24-01-18
UX-UI Designer-Project Manager,Barcelona,26-01-18
Diseñad@r UX-UI,Cuart de Poblet,26-01-18
Diseñador UX-UI con francés,Madrid,29-01-18
Diseñador-a UX-UI,Sant Cugat del Vallès,29-01-18
UX-UI Designer,Barcelona,31-01-18
Senior UI Designer,Múnich,01-02-18
UX UI designer,San Sebastián,01-02-18
UX UI designer,Madrid,01-02-18
Diseñador UX-UI,Madrid,01-02-18
Senior UX-UI Designer,Barcelona,02-02-18
Graphic & UI Designer for Digital Children Content (Senior Le...,En remoto,06-02-18
UX UI Designer,Barcelona,07-02-18
Diseñador UX-UI bilingüe (Francés),Madrid,07-02-18
UI Senior Designer,Madrid,06-02-18
Diseñador UX-UI,Alcobendas,07-02-18
